{"cameraMode":{"drawMode":0,"name":"Shaded","section":"Shading Mode"},"sceneLighting":false,"audioPlay":false,"sceneViewState":{"showFog":true,"showMaterialUpdate":false,"showSkybox":true,"showFlares":true,"showImageEffects":true,"showParticleSystems":true},"in2DMode":false,"pivot":{"x":4.131599426269531,"y":12.912948608398438,"z":-20.564998626708986},"rotation":{"x":-0.12920083105564118,"y":-0.053544119000434878,"z":0.006990847177803516,"w":-0.9901471734046936},"size":307.24603271484377,"orthographic":false}