{"cameraMode":{"drawMode":0,"name":"Shaded","section":"Shading Mode"},"sceneLighting":false,"audioPlay":false,"sceneViewState":{"showFog":true,"showMaterialUpdate":false,"showSkybox":true,"showFlares":true,"showImageEffects":true,"showParticleSystems":true},"in2DMode":false,"pivot":{"x":-3.488800048828125,"y":-1.378988265991211,"z":5.902000427246094},"rotation":{"x":-0.12920083105564118,"y":-0.053544119000434878,"z":0.006990847177803516,"w":-0.9901471734046936},"size":161.4401092529297,"orthographic":false}