{"cameraMode":{"drawMode":0,"name":"Shaded","section":"Shading Mode"},"sceneLighting":false,"audioPlay":false,"sceneViewState":{"showFog":true,"showMaterialUpdate":false,"showSkybox":true,"showFlares":true,"showImageEffects":true,"showParticleSystems":true},"in2DMode":false,"pivot":{"x":-24.712982177734376,"y":-0.1039276123046875,"z":60.681785583496097},"rotation":{"x":0.11955129355192185,"y":0.6520838141441345,"z":-0.10517268627882004,"w":0.741237461566925},"size":4.210447788238525,"orthographic":false}