{"cameraMode":{"drawMode":0,"name":"Shaded","section":"Shading Mode"},"sceneLighting":false,"audioPlay":false,"sceneViewState":{"showFog":true,"showMaterialUpdate":false,"showSkybox":true,"showFlares":true,"showImageEffects":true,"showParticleSystems":true},"in2DMode":false,"pivot":{"x":0.18997573852539063,"y":-0.7877616882324219,"z":-0.29607391357421877},"rotation":{"x":-0.09302373230457306,"y":-0.11179400235414505,"z":0.010515941306948662,"w":-0.989311933517456},"size":154.9742431640625,"orthographic":false}