{"cameraMode":{"drawMode":0,"name":"Shaded","section":"Shading Mode"},"sceneLighting":false,"audioPlay":false,"sceneViewState":{"showFog":true,"showMaterialUpdate":false,"showSkybox":true,"showFlares":true,"showImageEffects":true,"showParticleSystems":true},"in2DMode":false,"pivot":{"x":-20.823118209838868,"y":-1.2658846378326417,"z":7.103791236877441},"rotation":{"x":0.008078360930085183,"y":-0.94565349817276,"z":0.02356038987636566,"w":0.3242208659648895},"size":4.141430377960205,"orthographic":false}