{"cameraMode":{"drawMode":0,"name":"Shaded","section":"Shading Mode"},"sceneLighting":false,"audioPlay":false,"sceneViewState":{"showFog":true,"showMaterialUpdate":false,"showSkybox":true,"showFlares":true,"showImageEffects":true,"showParticleSystems":true},"in2DMode":false,"pivot":{"x":-23.17945098876953,"y":35.41838836669922,"z":-8.859737396240235},"rotation":{"x":-0.35842764377593996,"y":0.3786483407020569,"z":-0.16198772192001344,"w":-0.8378037214279175},"size":229.61322021484376,"orthographic":false}