{"cameraMode":{"drawMode":0,"name":"Shaded","section":"Shading Mode"},"sceneLighting":false,"audioPlay":false,"sceneViewState":{"showFog":true,"showMaterialUpdate":false,"showSkybox":true,"showFlares":true,"showImageEffects":true,"showParticleSystems":true},"in2DMode":false,"pivot":{"x":4.426139831542969,"y":-1.9082489013671876,"z":0.6067619323730469},"rotation":{"x":-0.24677342176437379,"y":0.43977612257003786,"z":-0.12705262005329133,"w":-0.854141354560852},"size":177.5655059814453,"orthographic":false}