{"cameraMode":{"drawMode":0,"name":"Shaded","section":"Shading Mode"},"sceneLighting":false,"audioPlay":false,"sceneViewState":{"showFog":true,"showMaterialUpdate":false,"showSkybox":true,"showFlares":true,"showImageEffects":true,"showParticleSystems":true},"in2DMode":false,"pivot":{"x":0.5585579872131348,"y":-0.2724342346191406,"z":1.9915227890014649},"rotation":{"x":-0.208343967795372,"y":-0.30645760893821719,"z":0.068937286734581,"w":-0.9262420535087586},"size":105.5807113647461,"orthographic":false}